the-community-channel	Community Channel	{"likes":0,"uniqueListeners":1,"totalEvents":7}	{"member_count":0,"is_member":false,"members":[]}
rjsmithy	R&Rj	{"likes":12,"uniqueListeners":3,"totalEvents":0}	{"member_count":3,"is_member":false,"members":[{"name":"stormbournedesigns","handle":"stormbournedesigns","joinedAt":"2026-07-25T02:15:28.306Z","isYou":false},{"name":"Harmony Hub","handle":"harmonyhub","joinedAt":"2026-07-24T15:08:03.260Z","isYou":false},{"name":"You","handle":"you","joinedAt":"2026-07-24T06:03:27.900Z","isYou":false}]}
hurric4n3ike	Hurric4n3ike Radio	{"likes":2,"uniqueListeners":3,"totalEvents":27}	{"member_count":0,"is_member":false,"members":[]}
harmony-hits	harmony-hits	{"likes":1,"uniqueListeners":2,"totalEvents":4}	{"member_count":3,"is_member":false,"members":[{"name":"fellenz","handle":"fellenz","joinedAt":"2026-07-31T01:41:58.197Z","isYou":false},{"name":"stormbournedesigns","handle":"stormbournedesigns","joinedAt":"2026-07-25T02:13:46.000Z","isYou":false},{"name":"mozaycalloway","handle":"mozaycalloway","joinedAt":"2026-07-23T14:32:51.932Z","isYou":false}]}
r3plic4nt-radio	r3plic4nt r4dio	{"likes":3,"uniqueListeners":4,"totalEvents":24}	{"member_count":2,"is_member":false,"members":[{"name":"stormbournedesigns","handle":"stormbournedesigns","joinedAt":"2026-07-18T01:18:47.006Z","isYou":false},{"name":"harmonyhub","handle":"harmonyhub","joinedAt":"2026-07-13T19:38:48.272Z","isYou":false}]}
check-please-radio	check-please-radio	{"likes":11,"uniqueListeners":6,"totalEvents":95}	{"member_count":2,"is_member":false,"members":[{"name":"sweetharmonyhub","handle":"sweetharmonyhub","joinedAt":"2026-07-17T16:26:58.611Z","isYou":false},{"name":"harmonyhub","handle":"harmonyhub","joinedAt":"2026-07-13T18:41:23.992Z","isYou":false}]}
dual-threat-radio	dual-threat-radio	{"likes":9,"uniqueListeners":5,"totalEvents":22}	{"member_count":4,"is_member":false,"members":[{"name":"fellenz","handle":"fellenz","joinedAt":"2026-07-31T01:42:11.304Z","isYou":false},{"name":"stormbournedesigns","handle":"stormbournedesigns","joinedAt":"2026-07-25T01:31:16.423Z","isYou":false},{"name":"mozaycalloway","handle":"mozaycalloway","joinedAt":"2026-07-23T14:33:13.617Z","isYou":false},{"name":"harmonyhub","handle":"harmonyhub","joinedAt":"2026-07-13T19:12:25.272Z","isYou":false}]}
stormbourne-fm	Stormbourne's SoundStorm	{"likes":13,"uniqueListeners":8,"totalEvents":124}	{"member_count":5,"is_member":false,"members":[{"name":"You","handle":"you","joinedAt":"2026-08-10T14:26:48.330Z","isYou":false},{"name":"fellenz","handle":"fellenz","joinedAt":"2026-07-31T01:39:37.216Z","isYou":false},{"name":"mozaycalloway","handle":"mozaycalloway","joinedAt":"2026-07-23T14:29:56.961Z","isYou":false},{"name":"harmonyhub","handle":"harmonyhub","joinedAt":"2026-07-03T23:59:57.405Z","isYou":false},{"name":"stormbournedesigns","handle":"stormbournedesigns","joinedAt":"2026-07-03T14:38:31.002Z","isYou":false}]}
9d68a07e-e55b-46a0-ba5a-5bf8a5bc7c19	MOONSKY FM	{"likes":2,"uniqueListeners":3,"totalEvents":18}	{"member_count":1,"is_member":false,"members":[{"name":"sweetharmonyhub","handle":"sweetharmonyhub","joinedAt":"2026-06-24T22:00:59.096Z","isYou":false}]}
rilla-radio	Rilla Radio	{"likes":3,"uniqueListeners":3,"totalEvents":4}	{"member_count":1,"is_member":false,"members":[{"name":"Harmony Hub","handle":"harmonyhub","joinedAt":"2026-07-24T18:23:05.114Z","isYou":false}]}
limit-breaker-lounge	Cannon Jones973	{"likes":4,"uniqueListeners":4,"totalEvents":22}	{"member_count":2,"is_member":false,"members":[{"name":"Rj","handle":"rjsmithy","joinedAt":"2026-08-02T17:42:28.088Z","isYou":false},{"name":"sweetharmonyhub","handle":"sweetharmonyhub","joinedAt":"2026-06-25T17:33:30.363Z","isYou":false}]}
cbr-fm	Crypto Beat Radio	{"likes":8,"uniqueListeners":5,"totalEvents":82}	{"member_count":3,"is_member":false,"members":[{"name":"fellenz","handle":"tfellenz","joinedAt":"2026-07-30T06:34:44.373Z","isYou":false},{"name":"harmonyhub","handle":"harmonyhub","joinedAt":"2026-07-09T04:59:23.309Z","isYou":false},{"name":"sweetharmonyhub","handle":"sweetharmonyhub","joinedAt":"2026-06-25T17:45:20.573Z","isYou":false}]}
b654d887-a9c6-434c-b226-3fb462d35a6d	Eyecon Radio	{"likes":13,"uniqueListeners":6,"totalEvents":124}	{"member_count":2,"is_member":false,"members":[{"name":"harmonyhub","handle":"harmonyhub","joinedAt":"2026-07-13T19:21:56.150Z","isYou":false},{"name":"sweetharmonyhub","handle":"sweetharmonyhub","joinedAt":"2026-07-02T21:58:44.618Z","isYou":false}]}
4f520f69-23e4-4c02-8bf2-af9033e6aa4e	WEARHAUS RADIO	{"likes":11,"uniqueListeners":3,"totalEvents":0}	{"member_count":7,"is_member":false,"members":[{"name":"lui","handle":"lui","joinedAt":"2026-08-02T16:24:37.185Z","isYou":false},{"name":"702 Thrillz","handle":"702thrillz","joinedAt":"2026-07-31T15:52:01.738Z","isYou":false},{"name":"fellenz","handle":"fellenz","joinedAt":"2026-07-31T01:39:53.995Z","isYou":false},{"name":"mozaycalloway","handle":"mozaycalloway","joinedAt":"2026-07-23T14:30:54.006Z","isYou":false},{"name":"sweetharmonyhub","handle":"sweetharmonyhub","joinedAt":"2026-07-19T07:04:48.290Z","isYou":false},{"name":"stormbournedesigns","handle":"stormbournedesigns","joinedAt":"2026-07-16T14:32:05.224Z","isYou":false},{"name":"harmonyhub","handle":"harmonyhub","joinedAt":"2026-07-07T06:26:19.832Z","isYou":false}]}
bf3afce1-bd1a-4c65-a943-422b2b38ac75	Velvet Rebellion	{"likes":126,"uniqueListeners":10,"totalEvents":146}	{"member_count":3,"is_member":false,"members":[{"name":"stormbournedesigns","handle":"stormbournedesigns","joinedAt":"2026-07-25T01:29:18.883Z","isYou":false},{"name":"You","handle":"you","joinedAt":"2026-07-20T09:11:39.363Z","isYou":false},{"name":"harmonyhub","handle":"harmonyhub","joinedAt":"2026-07-13T19:00:59.293Z","isYou":false}]}
74afdcb7-9f40-4a07-95e0-5d1d058b00e0	The Studio Piccola™	{"likes":2,"uniqueListeners":3,"totalEvents":11}	{"member_count":2,"is_member":false,"members":[{"name":"harmonyhub","handle":"harmonyhub","joinedAt":"2026-07-07T04:26:38.241Z","isYou":false},{"name":"sweetharmonyhub","handle":"sweetharmonyhub","joinedAt":"2026-07-05T18:27:26.833Z","isYou":false}]}
lui-fm	LUI FM	{"likes":6,"uniqueListeners":6,"totalEvents":8}	{"member_count":5,"is_member":false,"members":[{"name":"You","handle":"you","joinedAt":"2026-08-06T22:33:53.319Z","isYou":false},{"name":"fellenz","handle":"fellenz","joinedAt":"2026-07-31T01:42:28.985Z","isYou":false},{"name":"stormbournedesigns","handle":"stormbournedesigns","joinedAt":"2026-07-25T01:31:36.467Z","isYou":false},{"name":"mozaycalloway","handle":"mozaycalloway","joinedAt":"2026-07-23T00:40:46.703Z","isYou":false},{"name":"harmonyhub","handle":"harmonyhub","joinedAt":"2026-07-13T19:21:22.623Z","isYou":false}]}
53dc81e4-cdd2-4162-b29f-261cb3d8f2fd	DeCentralized Sounds	{"likes":16,"uniqueListeners":5,"totalEvents":52}	{"member_count":2,"is_member":false,"members":[{"name":"harmonyhub","handle":"harmonyhub","joinedAt":"2026-07-06T21:09:21.501Z","isYou":false},{"name":"sweetharmonyhub","handle":"sweetharmonyhub","joinedAt":"2026-07-06T19:10:19.537Z","isYou":false}]}
cef469c7-811b-4c34-a390-25788f27a204	MIND OF A MENACE	{"likes":4,"uniqueListeners":3,"totalEvents":1}	{"member_count":2,"is_member":false,"members":[{"name":"harmonyhub","handle":"harmonyhub","joinedAt":"2026-07-09T05:02:29.946Z","isYou":false},{"name":"sweetharmonyhub","handle":"sweetharmonyhub","joinedAt":"2026-07-07T00:45:25.091Z","isYou":false}]}
8f5793b0-506f-4903-a6f9-a729ff1f21b7	BennyJ504	{"likes":51,"uniqueListeners":5,"totalEvents":8}	{"member_count":4,"is_member":false,"members":[{"name":"fellenz","handle":"fellenz","joinedAt":"2026-07-31T01:41:37.385Z","isYou":false},{"name":"sweetharmonyhub","handle":"sweetharmonyhub","joinedAt":"2026-07-20T01:56:10.000Z","isYou":false},{"name":"bennyj504","handle":"bennyj504","joinedAt":"2026-07-10T23:41:07.886Z","isYou":false},{"name":"harmonyhub","handle":"harmonyhub","joinedAt":"2026-07-07T04:35:24.650Z","isYou":false}]}
d931ce65-0ab9-4dca-b352-d89699cb24bf	Full Digital	{"likes":12,"uniqueListeners":3,"totalEvents":0}	{"member_count":2,"is_member":false,"members":[{"name":"Harmony Hub","handle":"harmonyhub","joinedAt":"2026-08-11T15:56:50.801Z","isYou":false},{"name":"harmonyhub","handle":"harmonyhub","joinedAt":"2026-07-09T03:56:20.651Z","isYou":false}]}
mrdarius-radio	Mr. Darius Radio	{"likes":37,"uniqueListeners":6,"totalEvents":16}	{"member_count":3,"is_member":false,"members":[{"name":"mozaycalloway","handle":"mozaycalloway","joinedAt":"2026-07-23T00:40:46.731Z","isYou":false},{"name":"harmonyhub","handle":"harmonyhub","joinedAt":"2026-07-13T19:09:48.996Z","isYou":false},{"name":"mrdariusmusic","handle":"mrdariusmusic","joinedAt":"2026-07-10T03:58:44.544Z","isYou":false}]}
afroseduction-vibes	Preshzino Songz	{"likes":3,"uniqueListeners":3,"totalEvents":8}	{"member_count":2,"is_member":false,"members":[{"name":"preshzinosongs","handle":"preshzinosongz","joinedAt":"2026-07-30T01:51:33.321Z","isYou":false},{"name":"harmonyhub","handle":"harmonyhub","joinedAt":"2026-07-07T18:32:20.029Z","isYou":false}]}
after-hours-fm	After Hours FM	{"likes":5,"uniqueListeners":6,"totalEvents":9}	{"member_count":2,"is_member":false,"members":[{"name":"harmonyhub","handle":"harmonyhub","joinedAt":"2026-07-16T02:01:40.329Z","isYou":false},{"name":"stormbournedesigns","handle":"stormbournedesigns","joinedAt":"2026-07-11T18:47:52.849Z","isYou":false}]}
277b73e9-aee6-4865-9376-c0e409d8af05	Satrix Station	{"likes":5,"uniqueListeners":1,"totalEvents":0}	{"member_count":1,"is_member":false,"members":[{"name":"rjsmithy","handle":"rjsmithy","joinedAt":"2026-07-16T01:22:17.143Z","isYou":false}]}
7a79fa92-859c-4196-8612-3a342d832ade	The Forgotten Child Station	{"likes":0,"uniqueListeners":0,"totalEvents":0}	{"member_count":0,"is_member":false,"members":[]}
dethlord-productions	Dethlord Productions	{"likes":3,"uniqueListeners":3,"totalEvents":11}	{"member_count":0,"is_member":false,"members":[]}
mozay-calloway-radio	The Mozay Way	{"likes":10,"uniqueListeners":3,"totalEvents":2}	{"member_count":4,"is_member":false,"members":[{"name":"stormbournedesigns","handle":"stormbournedesigns","joinedAt":"2026-07-25T01:30:45.841Z","isYou":false},{"name":"mozaycalloway","handle":"mozaycalloway","joinedAt":"2026-07-24T17:03:20.872Z","isYou":false},{"name":"sweetharmonyhub","handle":"sweetharmonyhub","joinedAt":"2026-07-23T14:51:58.559Z","isYou":false},{"name":"harmonyhub","handle":"harmonyhub","joinedAt":"2026-07-23T03:28:09.699Z","isYou":false}]}
d212e165-834b-4a63-911d-46dabf4443e6	fellenz	{"likes":8,"uniqueListeners":2,"totalEvents":0}	{"member_count":2,"is_member":false,"members":[{"name":"fellenz","handle":"fellenz","joinedAt":"2026-07-30T06:34:51.999Z","isYou":false},{"name":"Rj","handle":"rjsmithy","joinedAt":"2026-07-29T17:14:44.762Z","isYou":false}]}
f95dd0d3-309b-4d99-91ec-964071f4767a	Kata7yst	{"likes":1,"uniqueListeners":1,"totalEvents":0}	{"member_count":1,"is_member":false,"members":[{"name":"Rj","handle":"rjsmithy","joinedAt":"2026-08-02T17:38:25.343Z","isYou":false}]}
c87b65e2-199a-4d8b-8185-3480c4c08917	Thrilla Radio	{"likes":2,"uniqueListeners":1,"totalEvents":0}	{"member_count":1,"is_member":false,"members":[{"name":"Harmony Hub","handle":"harmonyhub","joinedAt":"2026-08-01T02:10:35.625Z","isYou":false}]}
4982fe58-125c-4b26-8d57-7f5f4e7cd797	Unplugged with DanyDelo	{"likes":2,"uniqueListeners":2,"totalEvents":0}	{"member_count":1,"is_member":false,"members":[{"name":"Harmony Hub","handle":"harmonyhub","joinedAt":"2026-08-12T14:41:05.257Z","isYou":false}]}
